ET Model,R2,MAE (%),RMSE (%)
OpenET Ensemble,0.5998623188678125,12.109476852366116,15.333646978390432
SSEBop,0.6051779442439109,12.119289899303466,15.592243148887565
eeMETRIC,0.5465714121140156,13.165521464583623,16.44734366683952
PT-JPL,0.6045798658550142,11.593893268603265,15.038363968818395
SIMS,0.46629125624815404,13.66437499838891,17.54616907329613
geeSEBAL,0.579666349078868,12.4185756961647,15.846020750000253
ALEXI/DisALEXI,0.535852573121651,13.493749496803112,16.62570694462203
