ET Model,R2,MAE (%),RMSE (%),CV (%)
OpenET Ensemble,0.5998623868304472,12.110010432800037,15.333645676194788,20.441440165995786
SSEBop,0.6051780050143933,12.117925263771843,15.592241948918918,23.9552585108522
eeMETRIC,0.5465715143485248,13.165810751129406,16.447341812648748,22.11074599298628
PT-JPL,0.6045798898500973,11.592995242747142,15.038363512535613,17.032248494835006
SIMS,0.4662915503908136,13.665021987790444,17.546164238189338,16.863682765665157
geeSEBAL,0.5796663515229351,12.419060602491085,15.846020703931213,20.114137404344888
ALEXI/DisALEXI,0.5358525947030869,13.49420241897808,16.625706558099765,22.009843645008882
